GENE	Day0_KD_1	Day3_KD_1	Day0_Control_1	Day7_KD_2	Day3_KD_2	Day3_KD_3	Day0_Control_3	Day3_Control_3	Day0_KD_3	Day3_Control_2	Day7_Control_2	Day7_KD_3	Day7_Control_3	Day0_Control_2	Day7_KD_1	Day7_Control_1	Day0_KD_2	Day3_Control_1
SERPINA3	SERPINA3	0.1265703	1.86589	0.22813255	1.8495802	2.42732488	1.2004095	2.289477	354.487021	0	317.4151354	318.558626	0.90839276	457.350962	0.6043835	0.252906353	132.211612	0	149.006316
SERPINA1	SERPINA1	17.04823	58.9070190006052	4.2277811	6.275135	9.426714	242.704650053874	16.543287954488	96.2502940005578	12.32141098	870.981905849254	97.39072075782	29.3262010066455	245.799850626735	16.0951740011721	22.32362509728	13.128745	2.399356	17.2160100101
SERPINB2	SERPINB2	0.889032	0.307169	0.483718	0.269635	0.240771	0.7050718	1.113345	1.132445	2.291679	2.910546	0.814628	0.5011623	2.916693	1.506736	0.1928673	5.08942	0.35426	0.586329
COL2A1	COL2A1	0	0.955749	0	2.198224	0.388542	5.200525	0	45.7384808	0.1176013	175.36083	3178.585285	112.620167	1365.55967	0.0145774	0.5029965	500.679703	0.0113341	6.068939
COL11A1	COL11A1	21.5470347761	36.1375924	37.626171	223.130299	79.346614	95.22972144	25.577367	166.1183734	13.3940281	241.792906	1257.494074	375.651902	768.639967	7.977730971214	69.252828348811	568.4622161418	31.5678464	134.663099
MATN3	MATN3	0.965634	0.801973	0.862019	4.58158	0.675165	1.009243	0.303833	3.486263	0.125681	4.47476	280.2846	20.75109	150.821401	0.0439986	6.298784	94.3818	0.56007	1.470901
ACAN	ACAN	0.1344655	0.3917724	0.0428151	5.7545835595	0.4930098668	12.789839	0.65754930012691	62.840376	0.80157812149966	66.976769	676.13425	66.863471	409.312689	0.3204252	1.078872896	229.09643	0.0207055	31.3286133
SOX9	SOX9	15.249	10.5198	9.77247	23.0301	10.6997	16.9651	10.1745	42.0061	14.8178	53.7916	84.1769	30.2607	77.4843	15.8383	7.5457	75.2158	8.04783	62.9477
COMP	COMP	271.69705	1349.413728	6.744662	704.7570638	155.350523	383.928133328	157.70231	940.707325	4.7902889	1577.5984011	1917.287	688.43615146	1798.681208	5.55370000155418	889.72487	590.067198	9.033733	267.25817
